time,ip,an,cat,cmt,ua,ja4,by,user
1742684411,178.128.253.169,,1,,23,,0,0
1742684452,64.124.8.213,,1,,766,,0,0
1742684462,47.82.11.16,,0,,10,,0,0
1742684469,89.169.15.118,,0,,10,,0,0
1742684490,77.111.247.61,,1,,10,,0,0
1742684491,47.79.3.105,,0,,10,,0,0
1742684491,195.211.190.14,,1,,18,,0,0
1742684500,34.96.52.109,,1,,13,,0,0
1742684504,170.39.218.12,,0,,10,,0,0
1742684515,34.96.52.13,,1,,13,,0,0
1742684527,172.71.184.170,,0,,10,,0,0
1742684531,34.34.253.81,,1,,13,,0,0
1742684567,172.68.10.226,,0,,10,,0,0
1742684568,74.80.208.139,,1,,766,,0,0
1742684582,47.242.212.123,,1,,95,,0,0
1742684585,162.158.172.172,,0,,10,,0,0
1742684591,172.71.184.106,,0,,10,,0,0
1742684598,185.242.226.82,,1,,47,,0,0
1742684598,79.177.138.232,,0,,90,,0,0
1742684629,34.34.253.252,,1,,13,,0,0
1742684639,152.42.170.77,,1,,23,,0,0
1742684640,64.124.8.109,,1,,766,,0,0
1742684654,172.71.172.23,,0,,10,,0,0
1742684660,47.82.11.35,,0,,10,,0,0
1742684710,185.242.226.7,,1,,5560,,0,0
1742684728,129.213.127.90,,1,,28,,0,0
1742684747,91.246.58.177,,0,,14,,0,0
1742684754,172.69.136.190,,0,,10,,0,0
1742684762,74.80.208.146,,1,,766,,0,0
1742684764,172.71.184.157,,0,,10,,0,0
1742684776,34.34.253.74,,1,,13,,0,0
1742684777,172.71.184.184,,0,,10,,0,0
1742684779,47.82.11.123,,0,,10,,0,0
1742684798,165.154.163.113,,1,,4,,0,0
1742684829,89.116.77.157,,1,,76,,0,0
1742684836,104.222.161.227,,1,,76,,0,0
1742684840,77.111.247.54,,1,,10,,0,0
1742684845,167.71.108.79,,0,,26,,0,0
1742684854,172.71.184.68,,0,,10,,0,0
1742684860,64.124.8.105,,1,,766,,0,0
1742684876,78.153.140.93,,0,,10,,0,0
1742684893,34.96.52.87,,1,,13,,0,0
1742684898,78.153.140.149,,0,,10,,0,0
1742684898,34.96.52.107,,1,,13,,0,0
1742684911,185.147.124.224,,0,,906,,0,0
1742684952,172.68.10.178,,0,,10,,0,0
1742684960,47.79.98.230,,0,,10,,0,0
1742684961,172.71.184.51,,0,,10,,0,0
1742684975,34.34.253.121,,1,,13,,0,0
1742684981,47.79.3.216,,0,,10,,0,0
1742684981,213.209.143.30,,0,,84,,0,0
1742684996,64.124.8.188,,1,,766,,0,0
1742685002,195.178.110.125,,0,,84,,0,0
1742685015,172.71.184.38,,0,,10,,0,0
1742685017,18.224.15.154,,1,,2028,,0,0
1742685019,47.79.3.52,,0,,10,,0,0
1742685025,34.34.253.241,,1,,13,,0,0
1742685046,196.251.70.24,,0,,639,,0,0
1742685052,213.209.143.30,,0,,84,,0,0
1742685053,34.34.253.86,,1,,13,,0,0
1742685059,47.128.99.188,,0,,15,,0,0
1742685059,82.145.215.206,,1,,4,,0,0
1742685066,172.98.178.157,,1,,76,,0,0
1742685068,47.79.4.28,,0,,10,,0,0
1742685072,34.34.253.64,,1,,13,,0,0
1742685077,77.111.247.137,,1,,10,,0,0
1742685095,3.141.167.128,,1,,2028,,0,0
1742685095,78.153.140.93,,0,,10,,0,0
1742685102,64.124.8.119,,1,,766,,0,0
1742685112,47.82.11.33,,0,,10,,0,0
1742685114,46.8.223.84,,0,,10,,0,0
1742685119,18.222.188.129,,1,,2028,,0,0
1742685123,64.124.8.119,,1,,766,,0,0
1742685129,18.193.237.71,,1,,6808,,0,0
1742685129,47.238.253.20,,1,,95,,0,0
1742685134,74.80.208.51,,1,,766,,0,0
1742685154,64.124.8.134,,1,,766,,0,0
1742685158,23.137.105.215,,0,,475,,0,0
1742685160,172.71.184.156,,0,,10,,0,0
1742685176,195.240.151.95,,0,,7095,,0,0
1742685202,103.153.79.203,,0,,51,,0,0
1742685205,3.135.222.93,,1,,2028,,0,0
1742685206,3.138.190.225,,1,,2028,,0,0
1742685222,192.42.116.178,,0,,404,,0,0
1742685226,77.111.247.233,,1,,10,,0,0
1742685227,47.82.11.77,,0,,10,,0,0
1742685229,74.124.221.105,,1,,10,,0,0
1742685239,185.242.177.19,,1,,16,,0,0
1742685243,47.79.3.52,,0,,10,,0,0
1742685244,217.160.152.24,,0,,54,,0,0
1742685254,34.34.253.84,,1,,13,,0,0
1742685254,185.242.226.7,,1,,5560,,0,0
1742685254,47.128.55.115,,0,,15,,0,0
1742685269,138.36.93.72,,1,,10,,0,0
1742685271,74.80.208.57,,1,,766,,0,0
1742685279,77.111.246.14,,1,,10,,0,0
1742685281,58.212.237.108,,1,,4,,0,0
1742685293,64.124.8.174,,1,,766,,0,0
1742685296,47.82.11.82,,0,,10,,0,0
1742685304,45.61.162.29,,0,,14,,0,0
1742685305,172.71.144.48,,0,,10,,0,0
1742685323,74.80.208.202,,1,,766,,0,0
1742685332,34.96.52.39,,1,,13,,0,0
1742685336,95.32.91.146,,0,,1854,,0,0
1742685344,196.251.70.24,,0,,1022,,0,0
1742685364,64.124.8.127,,1,,766,,0,0
1742685367,196.251.70.24,,0,,691,,0,0
1742685369,47.243.136.133,,1,,95,,0,0
1742685373,77.111.246.4,,1,,10,,0,0
1742685385,47.82.11.116,,0,,10,,0,0
1742685395,34.34.253.255,,1,,13,,0,0
1742685400,34.34.253.246,,1,,13,,0,0
1742685408,47.128.127.122,,0,,15,,0,0
1742685409,52.17.117.56,,1,,7242,,0,0
1742685414,162.158.172.9,,0,,10,,0,0
1742685418,34.34.253.196,,1,,13,,0,0
1742685422,193.188.22.125,,0,,10,,0,0
1742685432,172.71.184.218,,0,,10,,0,0
1742685436,47.82.11.50,,0,,10,,0,0
1742685436,8.217.207.161,,1,,95,,0,0
1742685444,64.124.8.155,,1,,766,,0,0
1742685452,185.147.124.225,,0,,906,,0,0
1742685457,18.193.133.136,,1,,6808,,0,0
1742685460,45.58.159.170,,0,,26,,0,0
1742685466,3.14.136.222,,1,,2028,,0,0
1742685466,52.66.34.101,,0,,475,,0,0
1742685471,34.34.253.78,,1,,13,,0,0
1742685473,196.251.70.24,,0,,244,,0,0
1742685475,47.82.11.97,,0,,10,,0,0
1742685475,129.213.127.90,,1,,28,,0,0
1742685480,47.79.3.84,,0,,10,,0,0
1742685493,34.96.52.34,,1,,13,,0,0
1742685500,213.209.143.30,,0,,84,,0,0
1742685501,45.148.10.35,,0,,839,,0,0
1742685503,185.147.124.224,,0,,906,,0,0
1742685505,34.96.52.38,,1,,13,,0,0
1742685508,196.251.70.24,,0,,244,,0,0
1742685520,18.191.241.222,,1,,2028,,0,0
1742685521,3.14.9.169,,1,,2028,,0,0
1742685537,179.43.188.122,,0,,10,,0,0
1742685539,195.211.191.76,,0,,562,,0,0
1742685560,47.82.11.79,,0,,10,,0,0
1742685567,64.124.8.155,,1,,766,,0,0
1742685572,104.28.215.68,,0,,10,,0,0
1742685577,208.91.64.45,,0,,10,,0,0
1742685584,34.34.253.89,,1,,13,,0,0
1742685584,185.147.124.225,,0,,906,,0,0
1742685609,18.193.133.136,,1,,6808,,0,0
1742685614,3.144.222.234,,1,,2028,,0,0
1742685621,213.209.143.30,,0,,84,,0,0
1742685624,42.92.121.26,,1,,4,,0,0
1742685624,3.22.235.243,,1,,2028,,0,0
1742685643,162.158.95.127,,0,,10,,0,0
1742685650,18.193.237.71,,1,,6808,,0,0
1742685664,74.80.208.193,,1,,766,,0,0
1742685665,218.67.82.132,,0,,159,,0,0
1742685672,167.99.237.43,,0,,10,,0,0
1742685682,47.82.11.123,,0,,10,,0,0
1742685683,34.34.253.78,,1,,13,,0,0
1742685684,47.82.11.113,,0,,10,,0,0
1742685685,34.96.52.23,,1,,13,,0,0
1742685686,162.158.222.214,,0,,10,,0,0
1742685689,78.153.140.147,,0,,10,,0,0
1742685706,172.71.164.183,,0,,10,,0,0
1742685716,172.69.50.174,,0,,10,,0,0
1742685717,180.178.94.73,,0,,2,,0,0
1742685726,196.251.70.24,,0,,3250,,0,0
1742685726,78.153.140.203,,0,,742,,0,0
1742685735,77.111.247.61,,1,,10,,0,0
1742685736,45.58.159.170,,0,,26,,0,0
1742685739,47.79.120.246,,0,,10,,0,0
1742685763,167.71.108.79,,0,,26,,0,0
1742685767,77.111.246.47,,1,,10,,0,0
1742685783,196.251.70.24,,0,,103,,0,0
1742685784,162.158.87.55,,0,,10,,0,0
1742685792,47.128.126.82,,0,,15,,0,0
1742685794,82.145.215.206,,1,,4,,0,0
1742685795,172.71.246.69,,0,,10,,0,0
1742685802,196.251.92.80,,1,,16,,0,0
1742685808,3.141.4.8,,1,,2028,,0,0
1742685815,196.251.92.80,,1,,16,,0,0
1742685830,172.69.136.144,,0,,10,,0,0
1742685834,162.158.182.46,,0,,10,,0,0
1742685834,170.39.218.138,,0,,10,,0,0
1742685837,196.251.70.87,,0,,103,,0,0
1742685839,172.68.10.28,,0,,10,,0,0
1742685844,45.61.162.29,,0,,14,,0,0
1742685855,196.251.70.87,,0,,4836,,0,0
1742685859,107.170.27.62,,1,,23,,0,0
1742685869,212.132.77.230,,0,,84,,0,0
1742685871,170.39.218.138,,0,,10,,0,0
1742685893,47.82.11.7,,0,,10,,0,0
1742685913,3.128.166.78,,1,,3303,,0,0
1742685922,45.148.10.35,,0,,839,,0,0
1742685930,213.209.143.30,,0,,84,,0,0
1742685932,64.124.8.213,,1,,766,,0,0
1742685932,47.82.11.102,,0,,10,,0,0
1742685942,47.79.3.216,,0,,10,,0,0
1742685980,129.213.127.90,,1,,28,,0,0
1742685986,47.79.119.20,,0,,10,,0,0
1742685987,78.153.140.147,,0,,10,,0,0
1742685991,47.82.11.26,,0,,10,,0,0
1742685992,194.61.31.102,,1,,13,,0,0
1742686002,45.8.22.216,,0,,10,,0,0
1742686003,165.22.237.18,,0,,26,,0,0
1742686004,64.124.8.155,,1,,766,,0,0
1742686014,64.124.8.157,,1,,766,,0,0
1742686018,195.211.191.76,,0,,4307,,0,0
1742686018,47.79.123.24,,0,,10,,0,0
1742686025,74.124.221.105,,1,,10,,0,0
1742686026,172.69.136.167,,0,,10,,0,0
1742686027,64.124.8.213,,1,,766,,0,0
1742686043,18.219.151.245,,1,,166,,0,0
1742686050,180.178.94.73,,0,,2,,0,0
1742686056,52.17.117.56,,1,,7242,,0,0
1742686061,77.78.224.50,,1,,4,,0,0
1742686068,47.79.1.112,,0,,10,,0,0
1742686070,47.82.11.10,,0,,10,,0,0
1742686070,64.124.8.157,,1,,766,,0,0
1742686070,77.111.247.233,,1,,10,,0,0
1742686083,64.124.8.157,,1,,766,,0,0
1742686108,185.147.124.225,,0,,906,,0,0
1742686154,129.226.132.168,,0,,101,,0,0
1742686158,64.124.8.141,,1,,766,,0,0
1742686161,52.66.34.101,,0,,475,,0,0
1742686170,47.82.11.18,,0,,10,,0,0
1742686175,195.211.191.76,,0,,568,,0,0
1742686191,134.199.217.154,,1,,23,,0,0
1742686211,167.99.237.43,,0,,10,,0,0
1742686229,196.251.70.24,,0,,552,,0,0
1742686229,64.124.8.127,,1,,766,,0,0
1742686231,103.147.184.72,,1,,18,,0,0
1742686237,172.69.150.196,,0,,10,,0,0
1742686246,77.111.247.233,,1,,10,,0,0
1742686263,64.124.8.202,,1,,766,,0,0
1742686263,185.196.220.113,,0,,14,,0,0
1742686266,80.94.92.106,,0,,46,,0,0
1742686267,172.71.148.154,,0,,10,,0,0
1742686270,209.99.180.190,,1,,10,,0,0
1742686272,47.128.58.71,,0,,15,,0,0
1742686275,47.242.222.184,,1,,95,,0,0
1742686276,47.82.11.98,,0,,10,,0,0
1742686278,172.70.251.27,,0,,10,,0,0
1742686286,196.251.70.24,,0,,245,,0,0
1742686287,74.80.208.61,,1,,766,,0,0
1742686295,78.153.140.147,,0,,10,,0,0
1742686296,196.251.70.24,,0,,4076,,0,0
1742686309,172.71.184.96,,0,,10,,0,0
1742686315,64.124.8.109,,1,,766,,0,0
1742686343,172.69.136.160,,0,,10,,0,0
1742686344,3.232.50.116,,0,7,,,0,0
1742686354,146.70.194.254,,0,,10,,0,0
1742686355,179.43.188.122,,0,,59,,0,0
1742686358,180.178.94.73,,0,,2,,0,0
1742686359,18.119.106.146,,1,,2028,,0,0
1742686366,13.58.74.190,,1,,2028,,0,0
1742686374,172.71.184.157,,0,,10,,0,0
1742686400,172.70.240.113,,0,,10,,0,0
1742686404,47.79.117.123,,0,,10,,0,0
1742686443,8.213.16.158,,0,,2,,0,0
1742686445,172.68.182.41,,0,,10,,0,0
1742686445,172.71.184.160,,0,,10,,0,0
1742686449,185.201.129.140,,1,,13,,0,0
1742686457,64.124.8.155,,1,,766,,0,0
1742686469,167.99.237.43,,0,,10,,0,0
1742686469,77.111.246.31,,1,,10,,0,0
1742686469,172.69.136.145,,0,,10,,0,0
1742686470,172.68.182.43,,0,,10,,0,0
1742686483,77.111.246.4,,1,,10,,0,0
1742686486,165.22.169.44,,0,,26,,0,0
1742686493,196.251.92.127,,1,,2579,,0,0
1742686505,195.20.18.175,,0,,58,,0,0
1742686513,185.201.131.226,,1,,13,,0,0
1742686514,172.70.246.89,,0,,10,,0,0
1742686515,45.148.10.34,,0,,839,,0,0
1742686517,64.124.8.119,,1,,766,,0,0
1742686519,195.20.18.175,,0,,58,,0,0
1742686523,172.71.172.83,,0,,10,,0,0
1742686527,195.211.190.14,,1,,18,,0,0
1742686543,78.153.140.148,,0,,10,,0,0
1742686545,185.196.220.113,,0,,14,,0,0
1742686552,82.145.215.206,,1,,4,,0,0
1742686554,47.82.11.67,,0,,10,,0,0
1742686556,47.82.11.75,,0,,10,,0,0
1742686564,170.39.218.138,,0,,10,,0,0
1742686565,195.20.18.175,,0,,58,,0,0
1742686566,114.119.148.155,,0,,67,,0,0
1742686597,47.79.123.29,,0,,10,,0,0
1742686619,47.86.105.77,,1,,95,,0,0
1742686630,185.147.124.224,,0,,906,,0,0
1742686632,47.79.98.30,,0,,10,,0,0
1742686642,196.251.92.80,,1,,16,,0,0
1742686645,185.201.129.122,,1,,13,,0,0
1742686646,180.178.94.73,,0,,2,,0,0
1742686650,3.145.77.42,,1,,2028,,0,0
1742686651,196.251.70.24,,0,,2027,,0,0
1742686659,78.153.140.147,,0,,10,,0,0
1742686661,45.58.159.170,,0,,26,,0,0
1742686668,79.177.138.232,,0,,112,,0,0
1742686668,162.158.110.39,,0,,10,,0,0
1742686671,196.251.70.24,,0,,3359,,0,0
1742686681,46.248.190.227,,1,,38,,0,0
1742686683,170.39.218.138,,0,,10,,0,0
1742686683,45.3.59.0,,1,,76,,0,0
1742686684,94.156.177.35,,0,,10,,0,0
1742686747,69.167.12.45,,0,,10,,0,0
1742686754,172.71.184.252,,0,,10,,0,0
1742686762,47.79.2.24,,0,,10,,0,0
1742686767,3.12.76.129,,1,,2028,,0,0
1742686784,34.38.242.16,,1,,7384,,0,0
1742686794,157.230.41.209,,0,,14,,0,0
1742686798,47.76.101.85,,1,,95,,0,0
1742686800,194.5.82.78,,1,,28,,0,0
1742686809,64.124.8.127,,1,,766,,0,0
1742686815,47.82.11.16,,0,,10,,0,0
1742686824,3.134.117.239,,1,,2028,,0,0
1742686828,3.144.119.207,,1,,2028,,0,0
1742686834,47.82.0.12,,0,,10,,0,0
1742686836,196.251.70.24,,0,,3344,,0,0
1742686837,78.153.140.203,,0,,285,,0,0
1742686850,212.132.77.230,,0,,84,,0,0
1742686853,66.128.203.252,,1,,76,,0,0
1742686855,85.204.70.90,,0,,1172,,0,0
1742686863,63.135.161.41,,0,,10,,0,0
1742686878,204.188.228.106,,1,,23,,0,0
1742686883,74.80.208.61,,1,,766,,0,0
1742686917,185.208.156.160,,0,,733,,0,0
1742686930,47.82.11.89,,0,,10,,0,0
1742686932,194.5.82.81,,1,,4,,0,0
1742686935,194.5.82.56,,1,,28,,0,0
1742686936,78.153.140.147,,0,,10,,0,0
1742686940,78.153.140.203,,0,,1104,,0,0
1742686947,103.147.184.72,,0,,51,,0,0
1742686951,47.79.122.173,,0,,10,,0,0
1742686952,146.190.81.3,,0,,10,,0,0
1742686952,18.223.29.51,,1,,2028,,0,0
1742686954,47.79.123.101,,0,,10,,0,0
1742686959,157.230.41.209,,0,,14,,0,0
1742686965,172.71.184.230,,0,,10,,0,0
1742686966,170.39.218.138,,0,,10,,0,0
1742686967,172.69.50.150,,0,,10,,0,0
1742686988,162.158.94.183,,0,,10,,0,0
1742686995,64.124.8.105,,1,,766,,0,0
1742687006,194.5.82.56,,1,,28,,0,0
1742687021,170.39.218.138,,0,,10,,0,0
1742687033,18.119.11.179,,1,,2028,,0,0
1742687048,204.217.148.221,,1,,13,,0,0
1742687052,146.70.181.228,,0,,10,,0,0
1742687067,194.5.82.61,,1,,4,,0,0
1742687072,47.82.11.67,,0,,10,,0,0
1742687085,198.98.51.208,,0,,935,,0,0
1742687108,52.17.117.56,,1,,7242,,0,0
1742687116,64.124.8.127,,1,,766,,0,0
1742687128,47.79.3.84,,0,,10,,0,0
1742687131,156.59.198.136,,0,,15,,0,0
1742687138,74.80.208.148,,1,,766,,0,0
1742687144,194.5.82.78,,1,,28,,0,0
1742687148,172.70.251.227,,0,,10,,0,0
1742687152,172.70.247.121,,0,,10,,0,0
1742687185,47.79.5.157,,0,,10,,0,0
1742687185,47.79.120.224,,0,,10,,0,0
1742687185,78.153.140.222,,0,,592,,0,0
1742687188,194.5.82.78,,1,,28,,0,0
1742687193,65.111.8.0,,1,,76,,0,0
1742687199,172.68.10.122,,0,,10,,0,0
1742687213,74.80.208.146,,1,,766,,0,0
1742687220,45.148.10.34,,0,,839,,0,0
1742687224,172.68.10.185,,0,,10,,0,0
1742687225,194.5.82.168,,1,,28,,0,0
1742687244,3.144.44.164,,1,,2028,,0,0
1742687248,74.80.208.61,,1,,766,,0,0
1742687256,146.190.98.212,,0,,6992,,0,0
1742687261,45.139.67.34,,1,,76,,0,0
1742687262,134.209.106.129,,0,,10,,0,0
1742687275,195.211.190.14,,1,,18,,0,0
1742687289,47.76.76.154,,1,,95,,0,0
1742687290,77.111.246.14,,1,,10,,0,0
1742687304,77.111.246.31,,1,,10,,0,0
1742687305,64.43.118.249,,1,,76,,0,0
1742687327,77.111.246.5,,1,,10,,0,0
1742687335,40.77.189.157,,1,,9,,0,0
1742687338,47.242.169.90,,1,,95,,0,0
1742687340,74.80.208.162,,1,,766,,0,0
1742687343,95.217.32.90,,1,,73,,0,0
1742687344,52.202.236.132,,0,7,,,0,0
1742687350,194.5.82.78,,1,,28,,0,0
1742687377,146.190.81.3,,0,,10,,0,0
1742687378,47.79.5.157,,0,,10,,0,0
1742687401,64.124.8.155,,1,,766,,0,0
1742687428,78.153.140.203,,0,,59,,0,0
1742687433,196.251.86.200,,0,,10,,0,0
1742687450,78.153.140.179,,0,,328,,0,0
1742687460,114.119.151.170,,0,,67,,0,0
1742687462,45.198.2.14,,1,,16,,0,0
1742687463,162.158.183.26,,0,,10,,0,0
1742687475,62.216.201.93,,0,,8,,0,0
1742687480,78.153.140.179,,0,,745,,0,0
1742687492,79.141.36.131,,1,,268,,0,0
1742687493,194.5.82.78,,1,,28,,0,0
1742687495,64.29.88.84,,1,,76,,0,0
1742687497,64.43.109.110,,1,,76,,0,0
1742687503,47.242.140.237,,1,,95,,0,0
1742687507,66.128.201.138,,1,,76,,0,0
1742687511,78.153.140.203,,0,,24,,0,0
1742687530,23.137.105.215,,0,,475,,0,0
1742687544,13.58.245.201,,1,,2028,,0,0
1742687553,161.77.133.98,,1,,76,,0,0
1742687554,77.111.247.54,,1,,10,,0,0
1742687557,77.111.247.233,,1,,10,,0,0
1742687563,172.71.184.167,,0,,10,,0,0
1742687565,45.3.59.0,,1,,76,,0,0
1742687567,194.5.82.78,,1,,28,,0,0
1742687572,78.153.140.179,,0,,2241,,0,0
1742687573,13.58.170.81,,1,,2028,,0,0
1742687574,84.173.102.229,,1,,314,,0,0
1742687578,74.80.208.208,,1,,766,,0,0
1742687578,47.243.104.75,,1,,95,,0,0
1742687578,194.61.31.102,,1,,13,,0,0
1742687578,165.22.237.18,,0,,26,,0,0
1742687583,47.79.6.191,,0,,10,,0,0
1742687604,65.111.24.0,,1,,76,,0,0
1742687608,170.39.218.53,,0,,8,,0,0
1742687610,95.32.91.146,,0,,1854,,0,0
1742687611,82.145.215.206,,1,,4,,0,0
1742687619,145.239.10.137,,0,,63,,0,0
1742687624,47.128.55.162,,0,,15,,0,0
1742687630,146.190.81.3,,0,,10,,0,0
1742687631,64.124.8.174,,1,,766,,0,0
1742687635,77.78.224.50,,1,,4,,0,0
1742687637,154.215.104.162,,0,,72,,0,0
1742687638,47.82.11.19,,0,,10,,0,0
1742687647,78.153.140.179,,0,,617,,0,0
1742687651,137.184.75.240,,0,,26,,0,0
1742687654,146.190.81.3,,0,,10,,0,0
1742687656,156.146.35.42,,0,,10,,0,0
1742687660,13.59.90.174,,1,,2028,,0,0
1742687664,91.242.73.75,,1,,76,,0,0
1742687667,78.153.140.149,,0,,10,,0,0
1742687677,34.96.47.59,,1,,13,,0,0
1742687679,89.248.165.177,,1,,89,,0,0
1742687680,64.29.88.122,,1,,76,,0,0
1742687681,195.123.249.31,,1,,10,,0,0
1742687691,47.238.174.144,,1,,95,,0,0
1742687692,195.20.18.175,,0,,58,,0,0
1742687698,120.230.129.186,,0,,101,,0,0
1742687706,64.124.8.174,,1,,766,,0,0
1742687710,47.239.18.76,,1,,95,,0,0
1742687737,165.22.237.18,,0,,26,,0,0
1742687745,77.111.246.31,,1,,10,,0,0
1742687748,196.251.70.202,,0,,309,,0,0
1742687758,74.80.208.208,,1,,766,,0,0
1742687762,78.153.140.203,,0,,55,,0,0
1742687777,8.210.0.220,,1,,95,,0,0
1742687786,146.190.81.3,,0,,10,,0,0
1742687788,64.124.8.236,,1,,766,,0,0
1742687791,45.58.159.170,,0,,26,,0,0
1742687796,78.153.140.93,,0,,10,,0,0
1742687808,105.68.133.74,,1,,16,,0,0
1742687815,47.82.11.64,,0,,10,,0,0
1742687829,64.124.8.155,,1,,766,,0,0
1742687833,146.190.81.3,,0,,10,,0,0
1742687833,111.67.206.221,,0,,2,,0,0
1742687841,47.82.11.110,,0,,10,,0,0
1742687843,162.158.94.96,,0,,10,,0,0
1742687846,47.79.98.230,,0,,10,,0,0
1742687853,81.27.231.36,,1,,7425,,0,0
1742687866,47.82.11.68,,0,,10,,0,0
1742687874,34.34.233.179,,1,,13,,0,0
1742687878,77.111.247.44,,1,,10,,0,0
1742687885,5.146.36.85,,1,,38,,0,0
1742687889,194.5.82.58,,1,,4,,0,0
1742687892,101.55.81.36,,0,,10,,0,0
1742687919,194.5.82.168,,1,,28,,0,0
1742687931,172.71.144.137,,0,,10,,0,0
1742687950,47.83.227.145,,1,,95,,0,0
1742687953,78.153.140.179,,0,,4023,,0,0
1742687962,103.146.158.143,,0,,2,,0,0
1742687970,213.209.150.35,,1,,266,,0,0
1742687973,195.178.110.125,,0,,84,,0,0
1742688005,47.79.122.22,,0,,10,,0,0
1742688008,47.76.158.80,,1,,95,,0,0
1742688010,172.69.151.5,,0,,10,,0,0
1742688013,47.128.55.192,,0,,15,,0,0
1742688014,143.198.220.155,,0,,26,,0,0
1742688025,172.71.172.82,,0,,10,,0,0
1742688027,172.70.247.125,,0,,10,,0,0
1742688037,193.142.147.5,,0,,14,,0,0
1742688054,185.242.177.19,,1,,16,,0,0
1742688061,18.193.237.71,,1,,6808,,0,0
1742688064,20.105.137.134,,1,,182,,0,0
1742688064,34.96.47.51,,1,,13,,0,0
1742688075,47.82.11.71,,0,,10,,0,0
1742688095,40.77.188.89,,1,,9,,0,0
1742688100,172.71.184.85,,0,,10,,0,0
1742688105,47.83.230.170,,1,,95,,0,0
1742688120,40.113.118.83,,1,,182,,0,0
1742688124,8.217.12.171,,1,,95,,0,0
1742688128,8.28.7.20,,1,,8,,0,0
1742688128,64.124.8.176,,1,,766,,0,0
1742688137,185.70.43.202,,1,,38,,0,0
1742688137,172.71.148.11,,0,,10,,0,0
1742688138,18.190.24.245,,1,,2028,,0,0
1742688141,47.79.6.191,,0,,10,,0,0
1742688142,217.154.8.174,,0,,2,,0,0
1742688163,40.113.118.83,,1,,182,,0,0
1742688170,74.80.208.216,,1,,766,,0,0
1742688171,47.128.109.59,,0,,15,,0,0
1742688173,89.248.172.183,,1,,13,,0,0
1742688190,34.55.245.75,,1,,8,,0,0
1742688217,172.71.184.58,,0,,10,,0,0
1742688219,128.204.136.246,,1,,32,,0,0
1742688220,77.111.247.68,,1,,10,,0,0
1742688236,74.80.208.206,,1,,766,,0,0
1742688244,162.158.95.103,,0,,10,,0,0
1742688256,167.86.109.129,,1,,7409,,0,0
1742688267,3.133.79.80,,1,,2028,,0,0
1742688299,137.184.75.240,,0,,26,,0,0
1742688309,141.164.87.233,,0,,10,,0,0
1742688320,74.80.208.146,,1,,766,,0,0
1742688322,45.43.179.203,,1,,76,,0,0
1742688335,66.249.68.133,,0,,157,,0,0
1742688345,47.76.114.251,,1,,95,,0,0
1742688348,18.191.70.86,,1,,2028,,0,0
1742688353,20.105.137.134,,1,,182,,0,0
1742688355,45.13.237.76,,1,,76,,0,0
1742688365,47.237.106.163,,1,,4,,0,0
1742688366,185.147.124.224,,0,,906,,0,0
1742688367,95.164.159.80,,1,,76,,0,0
1742688371,172.71.148.106,,0,,10,,0,0
1742688375,78.153.140.148,,0,,10,,0,0
1742688376,64.124.8.119,,1,,766,,0,0
1742688409,64.137.104.104,,1,,76,,0,0
1742688412,77.111.246.4,,1,,10,,0,0
1742688418,74.80.208.216,,1,,766,,0,0
1742688424,162.158.182.134,,0,,10,,0,0
1742688428,172.69.50.143,,0,,10,,0,0
1742688438,40.113.118.83,,1,,182,,0,0
1742688443,195.20.18.175,,0,,58,,0,0
1742688447,47.76.114.251,,1,,95,,0,0
1742688448,18.220.129.8,,1,,2028,,0,0
1742688463,47.128.55.192,,0,,15,,0,0
1742688474,172.71.184.245,,0,,10,,0,0
1742688475,47.79.1.97,,0,,10,,0,0
1742688477,77.111.246.31,,1,,10,,0,0
1742688501,77.111.247.68,,1,,10,,0,0
1742688507,172.68.194.168,,0,,10,,0,0
1742688515,47.83.24.135,,1,,95,,0,0
1742688516,172.68.10.224,,0,,10,,0,0
1742688521,34.96.46.47,,1,,13,,0,0
1742688527,64.124.8.119,,1,,766,,0,0
1742688538,45.139.65.122,,1,,76,,0,0
1742688540,64.124.8.174,,1,,766,,0,0
1742688552,91.246.194.142,,1,,76,,0,0
1742688560,20.229.51.198,,1,,182,,0,0
1742688564,100.24.108.51,,1,,5,,0,0
1742688587,47.76.32.150,,1,,95,,0,0
1742688602,40.113.118.83,,1,,182,,0,0
1742688623,45.3.32.0,,1,,76,,0,0
1742688634,143.198.220.155,,0,,26,,0,0
1742688646,40.113.118.83,,1,,182,,0,0
1742688648,186.179.59.61,,1,,265,,0,0
1742688657,64.43.116.91,,1,,265,,0,0
1742688673,34.96.46.187,,1,,13,,0,0
1742688678,34.55.245.75,,1,,8,,0,0
1742688689,191.102.163.248,,1,,76,,0,0
1742688691,64.124.8.105,,1,,766,,0,0
1742688693,143.137.167.61,,1,,76,,0,0
1742688695,77.111.247.76,,1,,10,,0,0
1742688706,172.69.136.155,,0,,10,,0,0
1742688711,74.80.208.202,,1,,766,,0,0
1742688727,64.124.8.155,,1,,766,,0,0
1742688728,178.16.139.120,,1,,18,,0,0
1742688760,144.208.10.225,,1,,32,,0,0
1742688764,47.82.11.54,,0,,10,,0,0
1742688789,185.147.124.225,,0,,906,,0,0
1742688797,144.208.10.225,,1,,32,,0,0
1742688814,45.148.10.34,,0,,839,,0,0
1742688814,185.147.124.224,,0,,906,,0,0
1742688829,185.147.124.225,,0,,906,,0,0
1742688831,195.178.110.125,,0,,84,,0,0
1742688834,74.80.208.193,,1,,766,,0,0
1742688835,81.27.231.36,,1,,7425,,0,0
1742688843,172.69.50.175,,0,,10,,0,0
1742688872,172.69.136.148,,0,,10,,0,0
1742688881,47.82.11.75,,0,,10,,0,0
1742688884,172.69.136.207,,0,,10,,0,0
1742688886,172.71.184.123,,0,,10,,0,0
1742688927,172.68.10.5,,0,,10,,0,0
1742688937,162.250.235.202,,1,,76,,0,0
1742688942,172.69.136.215,,0,,10,,0,0
1742688950,172.68.182.41,,0,,10,,0,0
1742688963,34.96.47.51,,1,,13,,0,0
1742688967,172.69.136.206,,0,,10,,0,0
1742688977,194.61.31.102,,1,,13,,0,0
1742688992,77.111.246.14,,1,,10,,0,0
1742688998,34.96.44.178,,1,,13,,0,0
1742689012,34.96.47.59,,1,,13,,0,0
1742689025,172.71.184.51,,0,,10,,0,0
1742689027,193.142.147.5,,0,,14,,0,0
1742689028,47.82.11.59,,0,,10,,0,0
1742689033,77.111.246.31,,1,,10,,0,0
1742689033,162.220.247.234,,1,,76,,0,0
1742689034,172.69.50.164,,0,,10,,0,0
1742689037,195.123.249.37,,1,,10,,0,0
1742689037,47.128.62.68,,0,,15,,0,0
1742689051,162.158.111.76,,0,,10,,0,0
1742689052,172.71.164.125,,0,,10,,0,0
1742689057,77.111.247.44,,1,,10,,0,0
1742689058,195.178.110.163,,0,,839,,0,0
1742689066,172.70.251.146,,0,,10,,0,0
1742689072,162.158.182.91,,0,,10,,0,0
1742689083,3.15.188.114,,1,,2028,,0,0
1742689102,64.124.8.119,,1,,766,,0,0
1742689103,34.96.46.31,,1,,13,,0,0
1742689113,172.69.223.82,,1,,206,,0,0
1742689124,3.134.117.239,,1,,2028,,0,0
1742689137,74.80.208.146,,1,,766,,0,0
1742689145,213.196.192.208,,1,,8,,0,0
1742689148,74.80.208.146,,1,,766,,0,0
1742689153,45.148.10.35,,0,,839,,0,0
1742689159,152.42.170.77,,1,,23,,0,0
1742689163,172.71.184.166,,0,,10,,0,0
1742689170,47.79.5.247,,0,,10,,0,0
1742689170,194.5.82.24,,1,,28,,0,0
1742689178,78.153.140.218,,0,,7460,,0,0
1742689190,47.82.11.63,,0,,10,,0,0
1742689206,64.124.8.105,,1,,766,,0,0
1742689219,103.147.184.72,,0,,51,,0,0
1742689229,152.42.170.77,,1,,23,,0,0
1742689233,78.153.140.222,,0,,193,,0,0
1742689237,172.71.184.241,,0,,10,,0,0
1742689248,185.147.124.225,,0,,906,,0,0
1742689253,34.96.46.47,,1,,13,,0,0
1742689257,143.198.220.155,,0,,26,,0,0
1742689264,64.124.8.127,,1,,766,,0,0
1742689266,34.96.46.187,,1,,13,,0,0
1742689280,172.71.184.97,,0,,10,,0,0
1742689288,74.80.208.193,,1,,766,,0,0
1742689293,172.68.10.178,,0,,10,,0,0
1742689295,143.110.135.159,,1,,16,,0,0
1742689302,47.79.123.101,,0,,10,,0,0
1742689304,194.5.82.16,,1,,4,,0,0
1742689308,8.217.205.66,,1,,95,,0,0
1742689315,194.0.234.204,,0,,51,,0,0
1742689321,78.153.140.147,,0,,10,,0,0
1742689326,64.124.8.250,,1,,766,,0,0
1742689353,172.71.164.159,,0,,10,,0,0
1742689360,195.211.190.14,,1,,18,,0,0
1742689373,35.190.180.167,,1,,5718,,0,0
1742689378,52.14.138.123,,1,,2028,,0,0
1742689379,213.209.143.30,,0,,84,,0,0
1742689394,47.128.125.23,,0,,15,,0,0
1742689402,208.91.64.45,,0,,10,,0,0
1742689403,194.5.82.24,,1,,28,,0,0
1742689403,77.111.246.46,,1,,10,,0,0
1742689405,46.203.212.123,,1,,76,,0,0
1742689411,78.153.140.222,,0,,4586,,0,0
1742689425,3.19.67.91,,1,,2028,,0,0
1742689433,195.20.18.175,,0,,58,,0,0
1742689442,209.38.214.165,,1,,4,,0,0
1742689450,34.96.47.61,,1,,13,,0,0
1742689450,18.217.228.61,,1,,2028,,0,0
1742689457,34.96.44.178,,1,,13,,0,0
1742689461,218.67.82.132,,0,,159,,0,0
1742689465,40.77.189.126,,1,,9,,0,0
1742689469,34.96.47.51,,1,,13,,0,0
1742689471,172.71.148.74,,0,,10,,0,0
1742689473,18.193.133.136,,1,,6808,,0,0
1742689498,47.82.11.28,,0,,10,,0,0
1742689503,74.80.208.202,,1,,766,,0,0
1742689503,172.68.10.38,,0,,10,,0,0
1742689506,64.124.8.141,,1,,766,,0,0
1742689510,83.171.174.167,,1,,8,,0,0
1742689532,47.79.3.70,,0,,10,,0,0
1742689536,47.82.11.36,,0,,10,,0,0
1742689551,18.118.10.2,,1,,2028,,0,0
1742689558,218.67.82.132,,0,,159,,0,0
1742689563,74.80.208.162,,1,,766,,0,0
1742689565,47.79.118.225,,0,,10,,0,0
1742689566,64.124.8.141,,1,,766,,0,0
1742689573,172.71.144.17,,0,,10,,0,0
1742689585,89.248.172.183,,1,,13,,0,0
1742689593,195.20.18.175,,0,,58,,0,0
1742689593,64.124.8.169,,1,,766,,0,0
1742689613,31.57.159.26,,0,,84,,0,0
1742689613,65.111.24.0,,1,,76,,0,0
1742689616,35.190.180.167,,1,,5718,,0,0
1742689616,191.102.174.61,,1,,76,,0,0
1742689619,34.96.46.47,,1,,13,,0,0
1742689627,195.123.250.6,,1,,10,,0,0
1742689635,64.124.8.174,,1,,766,,0,0
1742689662,47.79.117.123,,0,,10,,0,0
1742689662,172.71.184.208,,0,,10,,0,0
1742689667,45.148.10.35,,0,,839,,0,0
1742689670,172.69.136.154,,0,,10,,0,0
1742689684,172.71.184.213,,0,,10,,0,0
1742689685,185.147.124.224,,0,,906,,0,0
1742689689,47.82.11.70,,0,,10,,0,0
1742689707,168.199.159.3,,1,,76,,0,0
1742689726,34.96.47.51,,1,,13,,0,0
1742689736,172.71.184.124,,0,,10,,0,0
1742689752,91.242.73.64,,1,,76,,0,0
1742689753,172.68.10.113,,0,,10,,0,0
1742689762,191.102.179.182,,1,,76,,0,0
1742689771,18.158.250.51,,1,,38,,0,0
1742689771,146.190.98.212,,0,,103,,0,0
1742689777,89.248.172.183,,1,,13,,0,0
1742689787,166.88.235.86,,1,,76,,0,0
1742689791,45.3.59.0,,1,,76,,0,0
1742689798,47.79.3.70,,0,,10,,0,0
1742689800,195.123.251.27,,1,,10,,0,0
1742689809,143.198.220.155,,0,,26,,0,0
1742689826,194.5.82.14,,1,,4,,0,0
1742689842,64.124.8.169,,1,,766,,0,0
1742689846,47.82.11.116,,0,,10,,0,0
1742689847,172.69.50.166,,0,,10,,0,0
1742689857,74.80.208.216,,1,,766,,0,0
1742689866,213.209.143.30,,0,,84,,0,0
1742689879,18.193.133.136,,1,,6808,,0,0
1742689890,52.14.200.7,,1,,2028,,0,0
1742689899,18.218.189.36,,1,,2028,,0,0
1742689914,3.137.151.130,,1,,2028,,0,0
1742689930,196.251.92.127,,1,,2579,,0,0
1742689934,218.67.82.132,,0,,159,,0,0
1742689939,92.112.174.184,,1,,76,,0,0
1742689944,100.24.108.51,,1,,5,,0,0
1742689945,82.165.125.50,,0,,14,,0,0
1742689994,47.82.11.109,,0,,10,,0,0
1742690007,172.71.184.207,,0,,10,,0,0
1742690009,194.5.82.44,,1,,4,,0,0
1742690026,64.124.8.105,,1,,766,,0,0
1742690026,206.206.64.71,,1,,76,,0,0
1742690027,213.209.143.30,,0,,84,,0,0
1742690036,74.80.208.202,,1,,766,,0,0
1742690052,46.101.192.105,,0,,19,,0,0
1742690054,95.32.91.146,,0,,1854,,0,0
1742690055,82.165.125.50,,0,,14,,0,0
1742690065,172.71.184.43,,0,,10,,0,0
1742690069,213.209.143.30,,0,,84,,0,0
1742690073,8.28.7.20,,1,,8,,0,0
1742690081,209.160.115.2,,0,,10,,0,0
1742690083,172.70.240.2,,0,,10,,0,0
1742690098,47.79.2.24,,0,,10,,0,0
1742690101,172.69.50.165,,0,,10,,0,0
1742690154,74.80.208.97,,1,,766,,0,0
1742690158,77.81.103.21,,1,,76,,0,0
1742690163,162.158.95.56,,0,,10,,0,0
1742690170,78.153.140.93,,0,,10,,0,0
1742690173,18.117.170.130,,1,,2028,,0,0
1742690182,142.111.126.56,,1,,76,,0,0
1742690188,82.165.125.50,,0,,14,,0,0
1742690193,23.137.105.137,,0,,475,,0,0
1742690194,146.190.98.212,,0,,326,,0,0
1742690194,77.111.246.5,,1,,10,,0,0
1742690198,213.209.143.30,,0,,84,,0,0
1742690198,34.96.45.60,,1,,13,,0,0
1742690202,172.68.10.187,,0,,10,,0,0
1742690206,45.94.136.70,,1,,76,,0,0
1742690207,194.5.82.24,,1,,28,,0,0
1742690216,185.147.124.224,,0,,906,,0,0
1742690220,128.199.28.169,,1,,23,,0,0
1742690228,35.190.180.167,,1,,5718,,0,0
1742690249,54.82.14.28,,1,,8,,0,0
1742690280,47.84.39.235,,0,,2,,0,0
1742690286,64.124.8.241,,1,,766,,0,0
1742690287,3.19.67.91,,1,,2028,,0,0
1742690288,185.100.87.253,,0,,10,,0,0
1742690301,74.80.208.188,,1,,766,,0,0
1742690304,192.42.116.179,,0,,10,,0,0
1742690313,34.96.45.60,,1,,13,,0,0
1742690320,185.147.124.225,,0,,906,,0,0
1742690326,104.252.66.138,,1,,76,,0,0
1742690348,104.143.244.16,,1,,76,,0,0
1742690361,185.242.177.19,,1,,16,,0,0
1742690361,45.61.162.29,,0,,14,,0,0
1742690371,74.80.208.216,,1,,766,,0,0
1742690376,78.153.140.147,,0,,10,,0,0
1742690378,43.130.125.5,,1,,28,,0,0
1742690384,91.242.73.21,,1,,76,,0,0
1742690388,34.96.44.8,,1,,13,,0,0
1742690392,172.69.136.160,,0,,10,,0,0
1742690405,172.98.178.206,,1,,76,,0,0
1742690409,45.139.104.144,,0,,22,,0,0
1742690422,18.191.61.74,,1,,2028,,0,0
1742690424,172.68.10.133,,0,,10,,0,0
1742690443,8.28.35.9,,1,,13,,0,0
1742690456,172.71.184.213,,0,,10,,0,0
1742690462,18.158.250.51,,1,,38,,0,0
1742690464,217.69.127.75,,1,,76,,0,0
1742690471,89.248.172.183,,1,,13,,0,0
1742690475,178.212.189.160,,1,,76,,0,0
1742690486,47.82.11.109,,0,,10,,0,0
1742690489,174.129.80.6,,1,,8,,0,0
1742690516,45.115.195.229,,1,,76,,0,0
1742690524,185.70.43.202,,1,,38,,0,0
1742690525,74.80.208.202,,1,,766,,0,0
1742690529,18.218.106.24,,1,,2028,,0,0
1742690533,167.172.72.5,,0,,14,,0,0
1742690542,140.99.215.83,,1,,76,,0,0
1742690543,78.153.140.218,,0,,2725,,0,0
1742690548,74.80.208.193,,1,,766,,0,0
1742690569,172.71.184.154,,0,,10,,0,0
1742690570,172.68.182.248,,0,,10,,0,0
1742690586,172.69.50.143,,0,,10,,0,0
1742690595,31.59.27.185,,1,,76,,0,0
1742690608,94.228.240.121,,0,,46,,0,0
1742690617,165.22.169.44,,0,,26,,0,0
1742690621,172.71.184.206,,0,,10,,0,0
1742690648,172.71.184.176,,0,,10,,0,0
1742690654,65.111.8.0,,1,,76,,0,0
1742690654,190.123.209.85,,1,,76,,0,0
1742690658,185.147.124.224,,0,,906,,0,0
1742690659,3.143.214.6,,1,,2028,,0,0
1742690662,172.56.78.99,,0,,374,,0,0
1742690668,112.111.93.41,,0,,2,,0,0
1742690669,79.177.158.105,,0,,10,,0,0
1742690683,195.20.18.175,,0,,58,,0,0
1742690693,170.247.220.9,,1,,76,,0,0
1742690698,143.198.220.155,,0,,26,,0,0
1742690701,213.196.192.208,,1,,8,,0,0
1742690726,77.111.246.46,,1,,10,,0,0
1742690734,67.227.113.128,,1,,76,,0,0
1742690754,172.71.184.208,,0,,10,,0,0
1742690759,209.99.180.30,,1,,10,,0,0
1742690759,52.17.176.198,,1,,7242,,0,0
1742690763,195.211.190.14,,1,,18,,0,0
1742690776,159.69.242.67,,1,,38,,0,0
1742690787,54.85.168.117,,1,,8,,0,0
1742690788,172.71.184.90,,0,,10,,0,0
1742690788,64.29.93.172,,1,,76,,0,0
1742690791,185.147.124.224,,0,,906,,0,0
1742690804,145.223.41.120,,1,,76,,0,0
1742690829,34.224.80.6,,1,,8,,0,0
1742690836,63.135.161.38,,0,,10,,0,0
1742690843,83.219.248.170,,0,,2873,,0,0
1742690848,154.203.49.88,,1,,76,,0,0
1742690853,170.39.218.138,,0,,10,,0,0
1742690878,5.45.104.176,,0,,10,,0,0
1742690926,103.6.186.204,,1,,76,,0,0
1742690941,218.250.231.191,,0,,2,,0,0
1742690974,185.147.124.225,,0,,906,,0,0
1742690982,195.20.18.175,,0,,58,,0,0
1742690984,193.175.2.70,,1,,8,,0,0
1742690993,112.111.93.41,,0,,2,,0,0
1742690994,143.198.182.205,,0,,7461,,0,0
1742690998,18.227.13.192,,1,,2028,,0,0
1742691001,64.137.89.131,,1,,76,,0,0
1742691015,185.147.124.225,,0,,906,,0,0
1742691032,220.167.232.16,,1,,298,,0,0
1742691037,45.61.162.29,,0,,14,,0,0
1742691048,23.26.95.80,,1,,76,,0,0
1742691064,65.111.8.0,,1,,76,,0,0
1742691069,143.137.167.226,,1,,76,,0,0
1742691071,172.68.10.5,,0,,10,,0,0
1742691079,112.111.93.41,,0,,2,,0,0
1742691081,34.46.52.87,,1,,8,,0,0
1742691085,172.69.50.165,,0,,10,,0,0
1742691090,31.59.20.200,,1,,76,,0,0
1742691094,112.111.93.41,,0,,2,,0,0
1742691097,74.80.208.146,,1,,766,,0,0
1742691100,78.153.140.149,,0,,10,,0,0
1742691100,31.57.159.26,,0,,84,,0,0
1742691109,185.147.124.224,,0,,906,,0,0
1742691132,49.48.120.53,,0,,10,,0,0
1742691135,18.119.11.179,,1,,2028,,0,0
1742691136,3.73.57.81,,1,,8,,0,0
1742691137,78.153.140.148,,0,,10,,0,0
1742691140,162.158.94.182,,0,,10,,0,0
1742691153,143.198.220.155,,0,,26,,0,0
1742691168,64.124.8.132,,1,,766,,0,0
1742691172,5.45.104.176,,0,,10,,0,0
1742691180,209.99.180.173,,1,,10,,0,0
1742691195,64.124.8.116,,1,,766,,0,0
1742691207,31.223.189.108,,1,,76,,0,0
1742691219,92.112.134.114,,1,,76,,0,0
1742691220,112.111.93.41,,0,,2,,0,0
1742691226,181.214.32.231,,1,,76,,0,0
1742691227,64.43.119.61,,1,,76,,0,0
1742691231,172.98.169.169,,1,,76,,0,0
1742691240,74.80.208.71,,1,,766,,0,0
1742691252,95.168.173.143,,0,,10,,0,0
1742691257,45.3.46.0,,1,,76,,0,0
1742691267,185.147.124.224,,0,,906,,0,0
1742691281,192.82.210.131,,1,,79,,0,0
1742691315,185.147.124.225,,0,,906,,0,0
1742691340,193.175.2.68,,1,,16,,0,0
1742691355,45.125.66.218,,0,,51,,0,0
1742691356,172.71.164.229,,0,,10,,0,0
1742691363,64.137.104.19,,1,,76,,0,0
1742691371,34.76.133.13,,1,,16,,0,0
1742691375,162.248.16.14,,1,,8,,0,0
1742691378,162.158.86.236,,0,,10,,0,0
1742691385,193.175.2.70,,1,,8,,0,0
1742691411,172.71.184.124,,0,,10,,0,0
1742691419,172.71.184.59,,0,,10,,0,0
1742691436,45.43.180.107,,1,,76,,0,0
1742691447,85.217.170.3,,0,,10,,0,0
1742691447,193.175.2.68,,1,,16,,0,0
1742691468,74.80.208.202,,1,,766,,0,0
1742691470,170.39.218.138,,0,,10,,0,0
1742691474,146.70.181.228,,0,,10,,0,0
1742691479,84.33.242.78,,1,,76,,0,0
1742691513,45.74.51.8,,1,,8,,0,0
1742691525,18.216.21.140,,1,,2028,,0,0
1742691532,195.211.190.14,,1,,18,,0,0
1742691540,3.12.151.20,,1,,2028,,0,0
1742691545,74.80.208.125,,1,,766,,0,0
1742691562,2.205.84.43,,1,,8,,0,0
1742691566,172.71.184.176,,0,,10,,0,0
1742691571,143.198.182.205,,0,,7461,,0,0
1742691572,43.130.125.5,,1,,28,,0,0
1742691607,74.124.221.106,,1,,10,,0,0
1742691624,45.39.123.203,,1,,76,,0,0
1742691661,188.208.16.69,,1,,76,,0,0
1742691695,193.175.2.70,,1,,16,,0,0
1742691698,34.34.253.246,,1,,13,,0,0
1742691701,47.79.120.246,,0,,10,,0,0
1742691715,94.46.206.1,,1,,76,,0,0
1742691727,95.164.45.150,,0,,10,,0,0
1742691748,18.223.21.202,,1,,2028,,0,0
1742691751,34.34.253.248,,1,,13,,0,0
1742691768,52.66.34.101,,0,,475,,0,0
1742691772,40.77.190.14,,1,,9,,0,0
1742691775,185.147.124.225,,0,,906,,0,0
1742691802,51.161.12.34,,1,,77,,0,0
1742691806,192.250.228.238,,1,,16,,0,0
1742691814,34.34.253.20,,1,,13,,0,0
1742691819,193.175.2.68,,1,,8,,0,0
1742691841,193.175.2.68,,1,,8,,0,0
1742691844,34.96.52.84,,1,,13,,0,0
1742691846,185.147.124.225,,0,,906,,0,0
1742691851,74.80.208.125,,1,,766,,0,0
1742691851,66.128.200.182,,1,,76,,0,0
1742691871,185.226.204.180,,1,,76,,0,0
1742691876,167.172.174.178,,1,,4,,0,0
1742691886,142.147.242.70,,1,,76,,0,0
1742691899,78.153.140.179,,0,,59,,0,0
1742691916,45.94.136.170,,1,,76,,0,0
1742691918,34.34.253.120,,1,,13,,0,0
1742691924,204.188.228.237,,1,,23,,0,0
1742691926,34.34.253.207,,1,,13,,0,0
1742691936,74.80.208.216,,1,,766,,0,0
1742691942,170.39.218.138,,0,,10,,0,0
1742691959,78.153.140.222,,0,,580,,0,0
1742691963,193.163.207.156,,0,,10,,0,0
1742691980,172.71.184.146,,0,,10,,0,0
1742691983,172.71.184.139,,0,,10,,0,0
1742691984,172.71.184.63,,0,,10,,0,0
1742691988,3.22.100.20,,1,,2028,,0,0
1742691989,47.79.3.105,,0,,10,,0,0
1742691994,40.77.189.237,,1,,9,,0,0
1742692001,172.68.10.11,,0,,10,,0,0
1742692007,185.147.124.225,,0,,906,,0,0
1742692013,104.239.38.178,,1,,76,,0,0
1742692014,94.156.177.35,,0,,10,,0,0
1742692020,64.124.8.174,,1,,766,,0,0
1742692021,34.96.52.21,,1,,13,,0,0
1742692023,196.251.86.200,,0,,10,,0,0
1742692027,65.111.24.0,,1,,76,,0,0
1742692030,178.16.139.120,,1,,18,,0,0
1742692037,167.99.237.43,,0,,10,,0,0
1742692043,18.219.214.90,,1,,2028,,0,0
1742692050,172.71.144.144,,0,,10,,0,0
1742692059,172.71.184.60,,0,,10,,0,0
1742692065,74.80.208.57,,1,,766,,0,0
1742692069,35.161.55.221,,1,,16,,0,0
1742692102,185.147.124.224,,0,,906,,0,0
1742692106,52.31.67.186,,1,,333,,0,0
1742692106,46.101.192.133,,0,,19,,0,0
1742692110,195.178.110.130,,0,,84,,0,0
1742692111,191.101.181.16,,1,,76,,0,0
1742692113,66.128.200.46,,1,,76,,0,0
1742692113,185.213.173.51,,0,,2,,0,0
1742692113,34.34.253.74,,1,,13,,0,0
1742692116,154.3.62.34,,1,,254,,0,0
1742692119,94.130.19.99,,1,,81,,0,0
1742692122,84.160.252.242,,1,,6229,,0,0
1742692125,172.69.136.149,,0,,10,,0,0
1742692146,162.158.110.102,,0,,10,,0,0
1742692157,47.82.11.92,,0,,10,,0,0
1742692169,34.34.253.240,,1,,13,,0,0
1742692172,34.96.52.9,,1,,13,,0,0
1742692188,34.34.253.75,,1,,13,,0,0
1742692189,34.34.253.108,,1,,13,,0,0
1742692207,172.71.184.201,,0,,10,,0,0
1742692209,178.63.76.145,,1,,6806,,0,0
1742692234,172.69.136.160,,0,,10,,0,0
1742692245,89.187.162.175,,0,,10,,0,0
1742692250,47.128.123.18,,0,,15,,0,0
1742692257,34.34.253.218,,1,,13,,0,0
1742692260,172.71.164.26,,0,,10,,0,0
1742692267,64.43.116.141,,1,,76,,0,0
1742692271,52.66.34.101,,0,,475,,0,0
1742692277,172.69.50.233,,0,,10,,0,0
1742692285,172.69.136.160,,0,,10,,0,0
1742692307,23.137.105.215,,0,,475,,0,0
1742692316,172.68.182.42,,0,,10,,0,0
1742692320,34.34.253.243,,1,,13,,0,0
1742692330,143.198.39.236,,1,,23,,0,0
1742692349,172.71.172.234,,0,,10,,0,0
1742692352,143.198.220.155,,0,,26,,0,0
1742692361,167.99.237.43,,0,,10,,0,0
1742692364,134.209.180.180,,1,,8,,0,0
1742692373,145.239.10.137,,0,,63,,0,0
1742692384,74.80.208.146,,1,,766,,0,0
1742692385,172.69.50.167,,0,,10,,0,0
1742692387,34.34.253.120,,1,,13,,0,0
1742692397,125.235.237.159,,1,,76,,0,0
1742692400,146.70.181.228,,0,,10,,0,0
1742692418,78.153.140.179,,0,,2411,,0,0
1742692427,34.34.253.201,,1,,13,,0,0
1742692438,195.178.110.163,,0,,839,,0,0
1742692443,64.124.8.116,,1,,766,,0,0
1742692449,196.251.86.200,,0,,10,,0,0
1742692465,195.178.110.130,,0,,84,,0,0
1742692466,185.242.177.19,,1,,16,,0,0
1742692472,47.82.11.35,,0,,10,,0,0
1742692475,109.90.100.154,,1,,38,,0,0
1742692490,172.71.184.230,,0,,10,,0,0
1742692497,172.71.144.18,,0,,10,,0,0
1742692503,114.246.35.136,,1,,8,,0,0
1742692508,78.153.140.147,,0,,10,,0,0
1742692518,34.34.253.55,,1,,13,,0,0
1742692518,46.248.166.61,,1,,38,,0,0
1742692522,45.3.46.0,,1,,76,,0,0
1742692526,40.77.190.14,,1,,9,,0,0
1742692556,193.175.2.68,,1,,8,,0,0
1742692582,23.137.105.215,,0,,475,,0,0
1742692592,34.96.52.106,,1,,13,,0,0
1742692604,185.147.124.224,,0,,906,,0,0
1742692605,78.153.140.149,,0,,10,,0,0
1742692607,89.187.162.175,,0,,10,,0,0
1742692633,120.230.129.186,,0,,101,,0,0
1742692655,101.55.81.36,,0,,10,,0,0
1742692659,3.15.31.36,,1,,2028,,0,0
1742692664,134.209.106.129,,0,,10,,0,0
1742692665,64.124.8.241,,1,,766,,0,0
1742692666,47.79.98.4,,0,,10,,0,0
1742692687,34.34.253.231,,1,,13,,0,0
1742692691,142.93.140.101,,0,,26,,0,0
1742692715,64.124.8.174,,1,,766,,0,0
1742692720,82.145.215.206,,1,,4,,0,0
1742692729,172.71.184.60,,0,,10,,0,0
1742692741,82.145.215.206,,1,,4,,0,0
1742692756,64.124.8.240,,1,,766,,0,0
1742692768,185.147.124.224,,0,,906,,0,0
1742692768,196.251.92.127,,1,,2579,,0,0
1742692796,34.34.253.92,,1,,13,,0,0
1742692810,186.179.14.120,,1,,2865,,0,0
1742692816,34.96.52.109,,1,,13,,0,0
1742692820,216.232.153.77,,0,,10,,0,0
1742692821,172.70.247.41,,0,,10,,0,0
1742692856,196.251.92.127,,1,,2579,,0,0
1742692872,170.39.218.189,,0,,10,,0,0
1742692881,145.239.10.137,,0,,63,,0,0
1742692897,213.196.192.208,,1,,8,,0,0
1742692945,3.144.251.44,,1,,2028,,0,0
1742692947,185.147.124.225,,0,,906,,0,0
1742692949,47.82.11.120,,0,,10,,0,0
1742692954,170.247.220.34,,1,,76,,0,0
1742692965,156.59.198.135,,0,,15,,0,0
1742692985,47.83.192.162,,1,,95,,0,0
1742693012,47.79.117.165,,0,,10,,0,0
1742693016,172.68.10.89,,0,,10,,0,0
1742693018,80.82.68.55,,0,,10,,0,0
1742693019,47.79.5.178,,0,,10,,0,0
1742693030,196.251.92.127,,1,,2579,,0,0
1742693035,18.158.250.51,,1,,38,,0,0
1742693057,3.139.85.206,,1,,2028,,0,0
1742693059,172.56.78.99,,0,,374,,0,0
1742693071,204.10.194.42,,0,,10,,0,0
1742693073,78.153.140.147,,0,,10,,0,0
1742693076,78.153.140.149,,0,,10,,0,0
1742693079,91.242.125.137,,1,,2865,,0,0
1742693087,46.203.212.119,,1,,76,,0,0
1742693088,172.69.150.66,,0,,10,,0,0
1742693090,74.80.208.57,,1,,766,,0,0
1742693102,193.142.147.5,,0,,14,,0,0
1742693102,196.251.86.200,,0,,10,,0,0
1742693111,18.158.250.51,,1,,38,,0,0
1742693114,78.153.140.93,,0,,10,,0,0
1742693115,47.79.3.70,,0,,10,,0,0
1742693117,65.109.114.100,,1,,73,,0,0
1742693124,78.153.140.218,,0,,667,,0,0
1742693150,193.142.147.5,,0,,14,,0,0
1742693182,193.142.147.5,,0,,14,,0,0
1742693189,172.69.136.155,,0,,10,,0,0
1742693196,143.244.57.118,,0,,1172,,0,0
1742693199,172.69.150.115,,0,,10,,0,0
1742693219,54.174.109.174,,1,,2028,,0,0
1742693222,208.91.64.45,,0,,10,,0,0
1742693269,170.39.218.138,,0,,10,,0,0
1742693276,18.158.250.51,,1,,38,,0,0
1742693282,52.17.176.198,,1,,7242,,0,0
1742693295,64.124.8.141,,1,,766,,0,0
1742693299,129.213.98.195,,0,,2,,0,0
1742693320,172.71.172.22,,0,,10,,0,0
1742693333,45.58.159.170,,0,,26,,0,0
1742693354,132.255.133.39,,1,,76,,0,0
1742693361,162.158.223.13,,0,,10,,0,0
1742693379,104.248.159.122,,0,,26,,0,0
1742693380,195.178.110.130,,0,,84,,0,0
1742693389,181.41.130.131,,1,,6229,,0,0
1742693391,192.250.228.238,,1,,16,,0,0
1742693402,64.124.8.240,,1,,766,,0,0
1742693403,66.128.203.173,,1,,76,,0,0
1742693404,74.80.208.57,,1,,766,,0,0
1742693404,194.5.82.54,,1,,4,,0,0
1742693405,31.58.32.22,,1,,76,,0,0
1742693414,145.239.10.137,,0,,63,,0,0
1742693423,3.136.37.52,,1,,2028,,0,0
1742693425,172.68.10.199,,0,,10,,0,0
1742693426,47.79.5.157,,0,,10,,0,0
1742693427,185.147.124.224,,0,,906,,0,0
1742693449,172.71.144.24,,0,,10,,0,0
1742693454,170.39.218.53,,0,,8,,0,0
1742693503,212.115.49.233,,0,,10,,0,0
1742693507,192.227.220.21,,0,,68,,0,0
1742693509,206.232.0.10,,0,,10,,0,0
1742693509,47.79.119.20,,0,,10,,0,0
1742693521,172.71.184.92,,0,,10,,0,0
1742693547,129.213.98.195,,0,,2,,0,0
1742693553,156.245.248.175,,0,,2,,0,0
1742693557,64.124.8.240,,1,,766,,0,0
1742693557,63.177.209.117,,1,,13,,0,0
1742693558,45.150.177.142,,1,,76,,0,0
1742693559,172.71.184.51,,0,,10,,0,0
1742693564,51.161.12.34,,1,,77,,0,0
1742693566,185.147.124.225,,0,,906,,0,0
1742693568,40.77.189.237,,1,,9,,0,0
1742693573,172.71.184.171,,0,,10,,0,0
1742693583,82.102.18.116,,0,,10,,0,0
1742693585,110.138.99.63,,1,,76,,0,0
1742693602,78.153.140.222,,0,,91,,0,0
1742693617,194.61.31.102,,1,,13,,0,0
1742693620,45.3.46.0,,1,,76,,0,0
1742693628,172.172.245.128,,1,,23,,0,0
1742693635,63.177.209.117,,1,,13,,0,0
1742693652,172.68.10.186,,0,,10,,0,0
1742693665,172.71.250.101,,0,,10,,0,0
1742693666,191.102.187.130,,1,,76,,0,0
1742693667,172.71.148.21,,0,,10,,0,0
1742693672,172.71.250.6,,0,,10,,0,0
1742693684,47.79.0.5,,0,,10,,0,0
1742693688,20.29.35.34,,1,,23,,0,0
1742693699,172.69.50.214,,0,,10,,0,0
1742693699,47.128.41.230,,0,,15,,0,0
1742693699,34.216.209.235,,1,,8,,0,0
1742693713,78.153.140.149,,0,,10,,0,0
1742693717,45.3.32.0,,1,,76,,0,0
1742693732,134.122.32.9,,0,,10,,0,0
1742693734,172.71.184.77,,0,,10,,0,0
1742693745,167.99.237.43,,0,,10,,0,0
1742693751,63.177.209.117,,1,,13,,0,0
1742693755,47.243.186.239,,1,,95,,0,0
1742693760,162.158.111.226,,0,,10,,0,0
1742693769,165.227.176.219,,0,,46,,0,0
1742693770,172.98.169.247,,1,,76,,0,0
1742693778,193.37.32.160,,1,,28,,0,0
1742693784,47.239.25.174,,1,,95,,0,0
1742693788,47.76.155.254,,1,,95,,0,0
1742693796,81.27.231.36,,1,,7425,,0,0
1742693806,196.251.92.127,,1,,2579,,0,0
1742693807,45.249.59.177,,1,,76,,0,0
1742693810,104.197.69.115,,1,,8,,0,0
1742693825,193.37.32.172,,1,,28,,0,0
1742693827,172.171.245.225,,1,,23,,0,0
1742693842,63.177.209.117,,1,,13,,0,0
1742693842,170.39.218.189,,0,,10,,0,0
1742693842,192.250.228.238,,1,,16,,0,0
1742693853,193.34.75.31,,1,,76,,0,0
1742693878,45.94.136.115,,1,,76,,0,0
1742693881,47.76.101.85,,1,,95,,0,0
1742693903,63.177.209.117,,1,,13,,0,0
1742693912,195.20.18.175,,0,,58,,0,0
1742693915,185.147.124.224,,0,,906,,0,0
1742693925,170.39.218.138,,0,,10,,0,0
1742693981,172.69.150.177,,0,,10,,0,0
1742693991,45.150.178.131,,1,,76,,0,0
1742693999,165.227.176.219,,0,,252,,0,0
1742694027,20.29.35.34,,1,,23,,0,0
1742694034,194.5.82.97,,1,,28,,0,0
1742694039,185.242.226.82,,1,,47,,0,0
1742694043,194.5.82.63,,1,,4,,0,0
1742694048,194.5.82.97,,1,,28,,0,0
1742694067,63.177.209.117,,1,,13,,0,0
1742694076,172.71.184.106,,0,,10,,0,0
1742694126,172.172.245.128,,1,,23,,0,0
1742694127,165.227.176.219,,0,,1476,,0,0
1742694130,47.79.3.105,,0,,10,,0,0
1742694150,18.189.7.216,,1,,2028,,0,0
1742694160,194.5.82.74,,1,,4,,0,0
1742694180,172.71.184.177,,0,,10,,0,0
1742694192,64.137.8.160,,1,,76,,0,0
1742694207,194.5.82.97,,1,,28,,0,0
1742694220,165.227.176.219,,0,,1179,,0,0
1742694243,139.162.142.167,,1,,83,,0,0
1742694254,185.242.177.19,,1,,16,,0,0
1742694263,63.177.209.117,,1,,13,,0,0
1742694265,47.254.25.249,,1,,829,,0,0
1742694267,45.58.159.161,,0,,26,,0,0
1742694268,172.71.184.118,,0,,10,,0,0
1742694273,34.79.161.19,,1,,16,,0,0
1742694275,35.205.158.4,,1,,4693,,0,0
1742694277,51.161.12.34,,1,,77,,0,0
1742694280,172.172.245.128,,1,,23,,0,0
1742694284,178.63.100.86,,1,,32,,0,0
1742694302,172.172.245.128,,1,,23,,0,0
1742694303,165.22.169.44,,0,,26,,0,0
1742694307,192.250.228.238,,1,,16,,0,0
1742694320,18.224.70.160,,1,,2028,,0,0
1742694321,18.193.237.71,,1,,6808,,0,0
1742694326,104.168.118.194,,1,,76,,0,0
1742694332,172.69.50.143,,0,,10,,0,0
1742694333,63.177.209.117,,1,,13,,0,0
1742694337,18.193.133.136,,1,,6808,,0,0
1742694346,45.148.10.35,,0,,839,,0,0
1742694356,193.37.32.145,,1,,28,,0,0
1742694357,101.55.81.36,,0,,10,,0,0
1742694364,64.43.119.99,,1,,76,,0,0
1742694372,34.216.209.235,,1,,8,,0,0
1742694373,172.68.10.121,,0,,10,,0,0
1742694377,94.156.177.35,,0,,10,,0,0
1742694393,78.153.140.218,,0,,335,,0,0
1742694400,172.171.245.225,,1,,23,,0,0
1742694417,20.29.35.34,,1,,23,,0,0
1742694426,204.188.228.244,,1,,23,,0,0
1742694429,47.83.24.135,,1,,95,,0,0
1742694456,142.111.245.209,,1,,76,,0,0
1742694463,63.177.209.117,,1,,13,,0,0
1742694463,193.34.73.222,,1,,76,,0,0
1742694467,47.79.5.125,,0,,10,,0,0
1742694478,47.79.4.28,,0,,10,,0,0
1742694483,74.80.208.193,,1,,766,,0,0
1742694483,78.153.140.148,,0,,10,,0,0
1742694502,193.37.32.131,,1,,28,,0,0
1742694528,193.37.32.160,,1,,28,,0,0
1742694533,47.82.11.88,,0,,10,,0,0
1742694533,162.158.86.99,,0,,10,,0,0
1742694534,64.124.8.174,,1,,766,,0,0
1742694537,34.216.209.235,,1,,8,,0,0
1742694545,193.37.32.109,,1,,28,,0,0
1742694563,178.63.100.86,,1,,32,,0,0
1742694588,47.82.11.95,,0,,10,,0,0
1742694594,113.175.57.225,,1,,76,,0,0
1742694600,114.119.149.108,,0,,67,,0,0
1742694600,165.227.176.219,,0,,252,,0,0
1742694601,20.150.199.91,,1,,23,,0,0
1742694604,145.239.10.137,,0,,63,,0,0
1742694606,193.37.32.140,,1,,4,,0,0
1742694608,18.158.250.51,,1,,38,,0,0
1742694630,172.71.184.90,,0,,10,,0,0
1742694649,45.15.162.50,,0,,10,,0,0
1742694658,103.147.184.72,,0,,51,,0,0
1742694668,165.227.176.219,,0,,802,,0,0
1742694669,3.144.13.230,,1,,2028,,0,0
1742694670,95.164.157.33,,1,,76,,0,0
1742694673,34.216.209.235,,1,,8,,0,0
1742694681,18.222.35.177,,1,,2028,,0,0
1742694682,193.37.32.172,,1,,28,,0,0
1742694693,165.227.176.219,,0,,1853,,0,0
1742694700,47.82.11.83,,0,,10,,0,0
1742694728,47.79.98.33,,0,,10,,0,0
1742694736,47.79.117.165,,0,,10,,0,0
1742694779,172.172.245.128,,1,,23,,0,0
1742694782,172.171.245.225,,1,,23,,0,0
1742694791,8.217.8.181,,1,,95,,0,0
1742694794,18.188.115.61,,1,,2028,,0,0
1742694795,156.248.88.179,,1,,76,,0,0
1742694804,51.161.12.34,,1,,77,,0,0
1742694805,165.227.176.219,,0,,1438,,0,0
1742694811,172.171.245.225,,1,,23,,0,0
1742694825,193.37.32.160,,1,,28,,0,0
1742694825,34.216.209.235,,1,,8,,0,0
1742694832,172.70.243.209,,0,,10,,0,0
1742694842,165.227.176.219,,0,,1750,,0,0
1742694845,193.37.32.145,,1,,28,,0,0
1742694845,3.135.222.112,,1,,2028,,0,0
1742694847,193.37.32.172,,1,,28,,0,0
1742694849,172.71.184.59,,0,,10,,0,0
1742694860,8.217.8.181,,1,,95,,0,0
1742694879,185.147.124.224,,0,,906,,0,0
1742694905,47.79.121.170,,0,,10,,0,0
1742694922,193.37.32.172,,1,,28,,0,0
1742694926,193.37.32.175,,1,,28,,0,0
1742694931,47.76.50.26,,1,,95,,0,0
1742694955,13.59.90.174,,1,,2028,,0,0
1742694960,156.59.198.135,,0,,15,,0,0
1742694981,165.22.169.44,,0,,26,,0,0
1742694987,185.147.124.225,,0,,906,,0,0
1742694995,193.37.32.131,,1,,4,,0,0
1742694998,193.37.32.175,,1,,28,,0,0
1742695007,18.193.133.136,,1,,6808,,0,0
1742695025,47.239.12.202,,1,,95,,0,0
1742695031,172.68.10.8,,0,,10,,0,0
1742695036,78.153.140.222,,0,214,,,0,0
1742695037,165.227.176.219,,0,,46,,0,0
1742695056,18.193.237.71,,1,,6808,,0,0
1742695092,47.79.3.216,,0,,10,,0,0
1742695103,193.37.32.175,,1,,28,,0,0
1742695103,64.43.110.46,,1,,76,,0,0
1742695134,103.225.136.46,,1,,76,,0,0
1742695163,3.128.188.223,,1,,2028,,0,0
1742695172,193.37.32.170,,1,,4,,0,0
1742695213,193.37.32.151,,1,,28,,0,0
1742695222,172.68.10.226,,0,,10,,0,0
1742695241,172.69.136.190,,0,,10,,0,0
1742695244,47.238.227.117,,1,,95,,0,0
1742695278,172.68.10.224,,0,,10,,0,0
1742695295,170.39.218.202,,0,,10,,0,0
1742695322,103.200.32.14,,1,,76,,0,0
1742695345,172.68.10.221,,0,,10,,0,0
1742695347,193.37.32.151,,1,,28,,0,0
1742695351,74.80.208.148,,1,,766,,0,0
1742695360,178.63.100.86,,1,,32,,0,0
1742695361,45.3.46.0,,1,,76,,0,0
1742695374,172.68.10.126,,0,,10,,0,0
1742695389,47.76.86.31,,1,,95,,0,0
1742695416,172.70.250.44,,0,,10,,0,0
1742695444,165.227.176.219,,0,,10,,0,0
1742695487,123.26.137.88,,1,,76,,0,0
1742695561,175.24.213.48,,1,,89,,0,0
1742695563,172.69.136.158,,0,,10,,0,0
1742695616,162.158.94.96,,0,,10,,0,0
1742695623,167.99.237.43,,0,,10,,0,0
1742695659,172.71.184.51,,0,,10,,0,0
